DAY,SAMAN,ARPA,SLAJ,YEM,SU
1,1.623454137,2.272835792,2.516353913,6.818507377,1.29876331
2,1.543873052,2.161422273,2.393003231,6.484266819,1.235098442
3,1.378363016,2.297271694,2.909877479,6.12605785,1.22521157
4,1.378363016,2.297271694,2.909877479,6.12605785,1.22521157
5,1.378363016,2.297271694,2.909877479,6.12605785,1.22521157
6,1.364153088,2.27358848,2.879878742,6.062902615,1.212580523
7,1.31108085,2.18513475,2.76783735,5.827026,1.1654052
8,1.456439814,2.42739969,3.074706274,6.473065839,1.294613168
9,1.392572944,2.320954907,2.939876216,6.189213086,1.237842617
10,1.392572944,2.320954907,2.939876216,6.189213086,1.237842617
11,1.435202728,2.392004547,3.029872426,6.378678792,1.275735758
12,1.435202728,2.392004547,3.029872426,6.378678792,1.275735758
13,1.49204244,2.486737401,3.149867374,6.631299735,1.326259947
14,1.548882152,2.581470254,3.269862322,6.883920677,1.376784135
15,1.624600184,2.707666973,3.429711499,7.220445261,1.444089052
16,1.624600184,2.707666973,3.429711499,7.220445261,1.444089052
17,1.524844032,2.54140672,3.219115179,6.777084587,1.355416917
18,1.439338759,2.398897932,3.038604047,6.397061152,1.27941223
19,1.439338759,2.398897932,3.038604047,6.397061152,1.27941223
20,1.439338759,2.398897932,3.038604047,6.397061152,1.27941223
21,1.52271509,2.537858483,3.214620745,6.767622621,1.353524524
22,1.583020638,2.63836773,3.341932458,7.03564728,1.407129456
23,1.67347896,2.7891316,3.532900027,7.437684267,1.487536853
24,1.718708121,2.864513535,3.628383811,7.638702761,1.527740552
25,1.688555347,2.814258912,3.564727955,7.504690432,1.500938086
26,1.52271509,2.537858483,3.214620745,6.767622621,1.353524524
27,1.367781155,2.279635258,2.887537994,6.079027356,1.215805471
28,1.427903404,2.379839006,3.014462741,6.346237349,1.26924747
29,1.518086776,2.530144627,3.204849861,6.74705234,1.349410468
30,1.578209025,3.507131167,3.331774608,6.137479542,1.402852467
31,1.578209025,3.507131167,3.331774608,6.137479542,1.402852467
32,1.518086776,3.37352617,3.204849861,5.903670797,1.349410468
33,1.427903404,3.173118675,3.014462741,5.552957681,1.26924747
34,1.285411836,2.856470746,2.713647209,4.998823806,1.142588299
35,1.285411836,2.856470746,2.713647209,4.998823806,1.142588299
36,1.361024297,3.024498437,2.873273515,5.292872265,1.209799375
37,1.361024297,3.024498437,2.873273515,5.292872265,1.209799375
38,1.497126726,3.326948281,3.160600867,5.822159492,1.330779312
39,1.58786168,3.52858151,3.352152435,6.175017643,1.411432604
40,1.602879879,3.561955286,3.383857522,6.233421751,1.424782114
41,1.619931792,3.599848427,3.419856006,6.299734748,1.439939371
42,1.619931792,3.599848427,3.419856006,6.299734748,1.439939371
43,1.46646457,3.258810155,3.095869648,5.702917772,1.303524062
44,1.432360743,3.183023873,3.023872679,5.570291777,1.273209549
45,1.397115895,3.104701989,2.94946689,5.433228482,1.241880796
46,1.470648311,3.268107357,3.104701989,5.719187875,1.307242943
47,1.499583449,3.332407665,3.165787281,5.831713413,1.332963066
48,1.570992185,3.491093744,3.316539057,6.109414052,1.396437498
49,1.570992185,3.491093744,3.316539057,6.109414052,1.396437498
50,1.570992185,3.491093744,3.316539057,6.109414052,1.396437498
51,1.517435633,2.866267307,3.203475225,6.40695045,1.348831674
52,1.58141351,2.987114408,3.338539633,6.677079266,1.405700898
53,1.732024321,3.271601495,3.656495788,7.312991577,1.539577174
54,1.732024321,3.271601495,3.656495788,7.312991577,1.539577174
55,1.732024321,3.271601495,3.656495788,7.312991577,1.539577174
56,1.506108105,2.844870865,3.179561555,6.35912311,1.33876276
57,1.506108105,2.844870865,3.179561555,6.35912311,1.33876276
58,1.506108105,2.844870865,3.179561555,6.35912311,1.33876276
59,1.506108105,2.844870865,3.179561555,6.35912311,1.33876276
60,1.474542458,2.949084916,3.296036083,6.592072166,1.387804666
61,1.474542458,2.949084916,3.296036083,6.592072166,1.387804666
62,1.474542458,2.949084916,3.296036083,6.592072166,1.387804666
63,1.474542458,2.949084916,3.296036083,6.592072166,1.387804666
64,1.474542458,2.949084916,3.296036083,6.592072166,1.387804666
65,1.474542458,2.949084916,3.296036083,6.592072166,1.387804666
66,0.548354935,0,0,1.794616152,0
67,0.548354935,0,0,1.794616152,0
68,0.448654038,0,0,1.794616152,0
69,0.448654038,0,0,1.794616152,0
70,0.498504487,0,0.478564307,1.894317049,0
71,0.498504487,0,0.697906281,1.894317049,0
72,0.598205384,0,1.196410768,1.994017946,0
73,1.196410768,0,3.389830508,4.985044865,0
74,0.3,0,0.847457627,1.246261216,0
75,0.6,0,1.994017946,2.492522433,0
76,0.85,0,3.35,3.35,0
77,0.65,0,3,2.7,0
78,0.651769088,0,3.103662322,2.731222843,0
79,0.651769088,0,3.227808814,2.793296089,0
80,0.651769088,0,3.507138423,2.917442582,0
81,0.651769088,0,3.507138423,3.010552452,0
82,0.651769088,0,3.507138423,3.010552452,0
83,0.651769088,0,3.507138423,3.196772191,0
84,0.651769088,0,3.507138423,3.289882061,0
85,0.651769088,0,3.507138423,3.38299193,0
86,0.713842334,0,2.942271881,4.053382992,0
87,1.672941176,1.602002503,1.802252816,3.904881101,0.801001252
88,1.672941176,1.602002503,1.802252816,3.904881101,0.801001252
89,1.6,1.642052566,1.847309136,4.002503129,0.821026283
90,1.6,1.602002503,1.802252816,3.904881101,0.801001252
91,1.435294118,1.602002503,1.802252816,3.904881101,0.801001252
92,1.505882353,1.642052566,1.847309136,4.002503129,0.821026283
93,1.494117647,1.722152691,1.937421777,4.197747184,0.861076345
94,1.505882353,1.762202753,1.982478098,4.295369212,0.881101377
95,1.482352941,1.762202753,1.982478098,4.295369212,0.881101377
96,1.452245414,1.659709045,1.55597723,4.097406705,0.88172043
97,1.381404175,1.578747628,1.480075901,3.897533207,0.838709677
98,1.487666034,1.700189753,1.593927894,4.197343454,0.903225806
99,1.550090493,1.771531992,1.660811242,4.373469605,0.941126371
100,2.027041414,2.316618759,2.171830086,5.71915256,1.230703716
101,2.027041414,2.316618759,2.171830086,5.71915256,1.230703716
102,2.027041414,2.316618759,2.171830086,5.71915256,1.230703716
103,1.788565953,2.044075375,1.916320664,5.046311083,1.085915043
104,1.639518791,1.873735761,1.756627276,4.625785159,0.995422123
105,1.639518791,1.873735761,1.756627276,4.625785159,0.995422123
106,1.490471628,1.703396146,1.596933887,4.205259236,0.904929203
107,1.639518791,1.873735761,1.756627276,4.625785159,0.995422123
108,1.639518791,1.873735761,1.756627276,4.625785159,0.995422123
109,1.490471628,1.703396146,1.596933887,4.205259236,0.904929203
110,1.728947088,1.975939529,1.852443309,4.878100713,1.049717875
111,1.490471628,1.703396146,1.596933887,4.205259236,0.904929203
112,1.490471628,1.703396146,1.596933887,4.205259236,0.904929203
113,1.639518791,1.873735761,1.756627276,4.625785159,0.995422123
114,1.788565953,2.044075375,1.916320664,5.046311083,1.085915043
115,1.788565953,2.044075375,1.916320664,5.046311083,1.085915043
116,1.937613116,2.21441499,2.076014053,5.466837006,1.176407963
117,2.086660279,2.384754604,2.235707442,5.88736293,1.266900884
118,2.086660279,2.384754604,2.235707442,5.88736293,1.266900884
119,2.086660279,2.384754604,2.235707442,5.88736293,1.266900884
120,2.086660279,2.384754604,2.235707442,5.88736293,1.266900884
121,1.788565953,2.044075375,1.916320664,5.046311083,1.085915043
122,1.937613116,2.21441499,2.076014053,5.466837006,1.176407963
123,2.086660279,2.384754604,2.235707442,5.88736293,1.266900884
124,2.146279144,2.45289045,2.299584797,6.055573299,1.303098052
125,2.086660279,2.384754604,2.235707442,5.88736293,1.266900884
126,2.176088577,2.486958373,2.331523475,6.139678484,1.321196636
127,2.176088577,2.486958373,2.331523475,6.139678484,1.321196636
128,2.027041414,2.316618759,2.171830086,5.71915256,1.230703716
129,1.490471628,1.703396146,1.596933887,4.205259236,0.904929203
130,1.490471628,1.703396146,1.596933887,4.205259236,0.904929203
131,1.490471628,1.703396146,1.596933887,4.205259236,0.904929203
132,1.490471628,1.703396146,1.596933887,4.205259236,0.904929203
133,2.086660279,2.384754604,2.235707442,5.88736293,1.266900884
134,2.086660279,2.384754604,2.235707442,5.88736293,1.266900884
135,2.146279144,2.45289045,2.299584797,6.055573299,1.303098052
136,2.086660279,2.384754604,2.235707442,5.88736293,1.266900884
137,1.937613116,2.21441499,2.076014053,5.466837006,1.176407963
138,1.937613116,2.21441499,2.076014053,5.466837006,1.176407963
139,1.937613116,2.21441499,2.076014053,5.466837006,1.176407963
140,1.937613116,2.21441499,2.076014053,5.466837006,1.176407963
141,2.027041414,2.316618759,2.171830086,5.71915256,1.230703716
142,1.937613116,2.21441499,2.076014053,5.466837006,1.176407963
143,1.877994251,2.146279144,2.012136698,5.298626637,1.140210795
144,1.877994251,2.146279144,2.012136698,5.298626637,1.140210795
145,1.937613116,2.21441499,2.076014053,5.466837006,1.176407963
146,2.325135739,2.657297988,2.491216864,6.560204408,1.411689556
147,2.533801767,2.895773448,2.714787608,7.148940701,1.538379644
148,1.792114695,2.04813108,1.920122888,5.056323605,1.088069636
149,2.031063321,2.321215224,2.176139273,5.730500085,1.233145588
150,1.792114695,2.04813108,1.920122888,5.056323605,1.088069636
151,1.642771804,1.87745349,1.760112647,4.634963304,0.997397167
152,1.792114695,2.04813108,1.920122888,5.056323605,1.088069636
153,1.851851852,2.116402116,1.984126984,5.224867725,1.124338624
154,2.090800478,2.38948626,2.240143369,5.899044205,1.269414576
155,2.240143369,2.56016385,2.40015361,6.320404506,1.360087046
156,2.299880526,2.628434886,2.464157706,6.488948626,1.396356033
157,2.299880526,2.628434886,2.464157706,6.488948626,1.396356033
158,1.792114695,2.04813108,1.920122888,5.056323605,1.088069636
159,1.553166069,1.775046936,1.664106503,4.382147124,0.942993685
160,2.031063321,2.321215224,2.176139273,5.730500085,1.233145588
161,2.210274791,2.526028332,2.368151562,6.236132446,1.341952552
162,2.210274791,2.526028332,2.368151562,6.236132446,1.341952552
163,2.210274791,2.526028332,2.368151562,6.236132446,1.341952552
164,2.023355301,2.312406059,2.16788068,5.708752457,1.228465719
165,1.6793849,1.919297029,1.799340964,4.738264539,1.019626546
166,1.719852006,1.96554515,1.842698578,4.852439588,1.044195861
167,1.760319112,2.011793271,1.886056191,4.966614638,1.068765175
168,1.922187536,2.196785756,2.059486646,5.423314834,1.167042433
169,1.982888195,2.266157937,2.124523066,5.594577408,1.203896404
170,2.124523066,2.428026361,2.276274714,5.99419008,1.289889005
171,2.225690831,2.543646664,2.384668748,6.279627703,1.35131229
172,2.225690831,2.543646664,2.384668748,6.279627703,1.35131229
173,2.234701725,2.553944829,2.394323277,6.305051297,1.35678319
174,2.133124374,2.437856428,2.285490401,6.018458056,1.295111227
175,2.133124374,2.437856428,2.285490401,6.018458056,1.295111227
176,1.320505565,1.509149217,1.414827391,3.72571213,0.801735522
177,1.625237618,1.857414421,1.74132602,4.585491852,0.986751411
178,1.625237618,1.857414421,1.74132602,4.585491852,0.986751411
179,1.665868559,1.903849782,1.78485917,4.700129148,1.011420196
180,1.74713044,1.996720503,1.871925471,4.929403741,1.060757767
181,1.869023261,2.136026584,2.002524923,5.27331563,1.134764123
182,1.990916083,2.275332666,2.133124374,5.617227519,1.208770479
183,2.194070785,2.507509468,2.350790127,6.190414,1.332114405
184,2.336279077,2.67003323,2.503156153,6.591644537,1.418455154
185,2.498802838,2.855774672,2.677288755,7.050193723,1.517130295
186,2.234701725,2.553944829,2.394323277,6.305051297,1.35678319
187,2.031547023,2.321768026,2.176657525,5.731864815,1.233439264
188,1.828392321,2.089591224,1.958991772,5.158678334,1.110095338
189,1.625237618,1.857414421,1.74132602,4.585491852,0.986751411
190,1.625237618,1.857414421,1.74132602,4.585491852,0.986751411
191,1.74713044,1.996720503,1.871925471,4.929403741,1.060757767
192,1.830863121,2.092414996,1.961639058,5.16564952,1.111595466
193,1.871548968,2.138913107,2.005231037,5.280441732,1.136297588
194,2.034292357,2.324905551,2.179598954,5.739610578,1.235106074
195,2.237721593,2.557396106,2.397558849,6.313571636,1.358616681
196,2.33943621,2.673641383,2.84074397,6.349898285,1.336820692
197,2.461493752,2.813135716,2.988956699,6.681197326,1.406567858
198,2.461493752,2.813135716,2.988956699,6.681197326,1.406567858
199,2.237721593,2.557396106,2.717233362,6.073815751,1.278698053
200,2.037045121,2.328051566,2.473554789,5.52912247,1.164025783
201,1.833340608,2.09524641,2.22619931,4.976210223,1.047623205
202,1.52778384,1.746038675,1.855166092,4.146841853,0.873019337
203,1.629636096,1.862441253,1.978843831,4.423297976,0.931220627
204,1.733834543,1.981525192,2.105370516,4.70612233,0.990762596
205,1.795028703,2.051461375,2.179677711,4.872220765,1.025730687
206,1.83582481,2.098085497,2.229215841,4.982953055,1.049042748
207,1.795028703,2.051461375,2.179677711,4.872220765,1.025730687
208,1.917417024,2.191333741,2.3282921,5.204417636,1.095666871
209,1.999009237,2.284581986,2.42736836,5.425882216,1.142290993
210,2.039805344,2.331206108,2.476906489,5.536614506,1.165603054
211,2.284581986,2.610950841,2.774135268,6.201008247,1.30547542
212,2.304980039,2.634262902,2.798904333,6.256374392,1.317131451
213,2.304980039,2.634262902,2.798904333,6.256374392,1.317131451
214,2.243785879,2.564326719,2.724597138,6.090275957,1.282163359
215,0.815922138,0.932482443,0.990762596,2.214645802,0.466241222
216,2.243785879,2.564326719,2.724597138,6.090275957,1.282163359
217,2.243785879,2.564326719,2.724597138,6.090275957,1.282163359
218,2.141795612,2.447766413,2.600751814,5.813445231,1.223883207
219,2.039805344,2.331206108,2.476906489,5.536614506,1.165603054
220,1.937815077,2.214645802,2.353061165,5.259783781,1.107322901
221,1.83582481,2.098085497,2.229215841,4.982953055,1.049042748
222,1.876620917,2.144709619,2.27875397,5.093685345,1.07235481
223,1.83582481,2.098085497,2.229215841,4.982953055,1.049042748
224,1.937815077,2.214645802,2.353061165,5.259783781,1.107322901
225,1.818958407,2.238718039,2.378637917,5.316955343,1.11935902
226,1.876399199,2.309414398,2.453752798,5.484859196,1.154707199
227,1.91469306,2.356545305,2.503829386,5.596795098,1.178272652
228,1.91469306,2.356545305,2.503829386,5.596795098,1.178272652
229,2.067868505,2.545068929,2.704135737,6.044538706,1.272534464
230,1.991280782,2.450807117,2.603982562,5.820666902,1.225403558
231,1.91469306,2.356545305,2.503829386,5.596795098,1.178272652
232,1.991280782,2.450807117,2.603982562,5.820666902,1.225403558
233,1.799811476,2.215152586,2.353599623,5.260987392,1.107576293
234,1.60814795,2.144197266,2.278209595,5.092468507,1.072098633
235,1.60814795,2.144197266,2.278209595,5.092468507,1.072098633
236,1.60814795,2.144197266,2.278209595,5.092468507,1.072098633
237,1.786831055,2.382441407,2.531343995,5.658298341,1.191220703
238,1.786831055,2.382441407,2.531343995,5.658298341,1.191220703
239,1.786831055,2.382441407,2.531343995,5.658298341,1.191220703
240,1.751094434,2.334792579,2.480717115,5.545132374,1.167396289
241,1.715357813,2.287143751,2.430090235,5.431966408,1.143571875
242,1.60814795,2.144197266,2.278209595,5.092468507,1.072098633
243,1.60814795,2.144197266,2.278209595,5.092468507,1.072098633
244,1.697489502,2.263319336,2.404776795,5.375383424,1.131659668
245,1.697489502,2.263319336,2.404776795,5.375383424,1.131659668
246,1.751094434,2.334792579,2.480717115,5.545132374,1.167396289
247,1.722372779,2.505269497,2.661848841,5.950015056,1.252634749
248,1.82174044,2.649804276,2.815417043,6.293285155,1.324902138
249,1.82174044,2.649804276,2.815417043,6.293285155,1.324902138
250,1.82174044,2.649804276,2.815417043,6.293285155,1.324902138
251,1.658374793,2.412181517,2.562942861,5.728931102,1.206090758
252,1.575456053,2.291572441,2.434795718,5.442484547,1.14578622
253,1.658374793,2.412181517,2.562942861,5.728931102,1.206090758
254,1.658374793,2.412181517,2.562942861,5.728931102,1.206090758
255,0.829187396,1.206090758,1.281471431,2.864465551,0.603045379
256,1.83166818,2.664244626,2.830759915,6.327580987,1.332122313
257,1.99818347,2.906448683,3.088101726,6.902815622,1.453224342
258,1.914925825,2.785346655,2.95943082,6.615198305,1.392673327
259,1.665152891,2.422040569,2.573418105,5.752346352,1.211020285
260,1.748410536,2.543142598,2.70208901,6.039963669,1.271571299
261,1.83166818,2.664244626,2.830759915,6.327580987,1.332122313
262,1.581895247,2.300938541,2.4447472,5.464729034,1.15046927
263,1.665152891,2.422040569,2.573418105,5.752346352,1.211020285
264,1.581895247,2.300938541,2.4447472,5.464729034,1.15046927
265,1.669702489,2.428658166,2.580449302,5.768063145,1.214329083
266,1.669702489,2.428658166,2.580449302,5.768063145,1.214329083
267,1.753187614,2.550091075,2.709471767,6.056466302,1.275045537
268,1.001821494,1.4571949,1.548269581,3.460837887,0.72859745
269,1.920157863,2.792956891,2.967516697,6.633272617,1.396478446
270,1.836672738,2.671523983,2.838494232,6.34486946,1.335761991
271,1.50273224,2.18579235,2.322404372,5.191256831,1.092896175
272,1.669702489,2.428658166,2.580449302,5.768063145,1.214329083
273,1.669702489,2.428658166,2.580449302,5.768063145,1.214329083
274,1.669702489,2.428658166,2.580449302,5.768063145,1.214329083
275,1.586217365,2.307225258,2.451426837,5.479659988,1.153612629
276,1.669702489,2.428658166,2.580449302,5.768063145,1.214329083
277,1.736490589,2.525804493,2.683667274,5.998785671,1.262902247
278,1.769884639,2.574377656,2.73527626,6.114146934,1.287188828
279,1.669702489,2.428658166,2.580449302,5.768063145,1.214329083
280,1.50273224,2.18579235,2.322404372,5.191256831,1.092896175
281,1.586217365,2.307225258,2.451426837,5.479659988,1.153612629
282,1.586217365,2.307225258,2.451426837,5.479659988,1.153612629
283,1.586217365,2.307225258,2.451426837,5.479659988,1.153612629
284,1.50273224,2.18579235,2.322404372,5.191256831,1.092896175
285,1.50273224,2.18579235,2.322404372,5.191256831,1.092896175
286,1.085306618,1.578627808,1.677292046,3.749241044,0.789313904
287,1.419247116,2.064359441,2.193381906,4.902853673,1.032179721
288,1.836672738,2.671523983,2.838494232,6.34486946,1.335761991
289,1.836672738,2.671523983,2.838494232,6.34486946,1.335761991
290,1.836672738,2.671523983,2.838494232,6.34486946,1.335761991
291,1.669702489,2.428658166,2.580449302,5.768063145,1.214329083
292,1.669702489,2.428658166,2.580449302,5.768063145,1.214329083
293,1.685823755,2.45210728,2.605363985,5.823754789,1.22605364
294,1.517241379,2.206896552,2.344827586,5.24137931,1.103448276
295,1.601532567,2.329501916,2.475095785,5.53256705,1.164750958
296,1.601532567,2.329501916,2.475095785,5.53256705,1.164750958
297,1.550957854,2.255938697,2.396934866,5.357854406,1.127969349
298,1.483524904,2.157854406,2.292720307,5.124904215,1.078927203
299,1.517241379,2.206896552,2.344827586,5.24137931,1.103448276
300,1.635249042,2.378544061,2.527203065,5.649042146,1.189272031
301,1.685823755,2.45210728,2.605363985,5.823754789,1.22605364
302,1.685823755,2.45210728,2.605363985,5.823754789,1.22605364
303,1.685823755,2.45210728,2.605363985,5.823754789,1.22605364
304,1.685823755,2.45210728,2.605363985,5.823754789,1.22605364
305,0.852382797,1.363812476,1.449050756,3.23905463,0.681906238
306,1.55838489,2.493415824,2.649254313,5.921862582,1.246707912
307,1.714223379,2.742757406,2.914179744,6.51404884,1.371378703
308,1.636304134,2.618086615,2.781717028,6.217955711,1.309043308
309,1.636304134,2.618086615,2.781717028,6.217955711,1.309043308
310,1.55838489,2.493415824,2.649254313,5.921862582,1.246707912
311,1.714223379,2.742757406,2.914179744,6.51404884,1.371378703
312,1.714223379,2.742757406,2.914179744,6.51404884,1.371378703
313,1.714223379,2.742757406,2.914179744,6.51404884,1.371378703
314,1.324627156,2.11940345,2.251866166,5.033583194,1.059701725
315,1.168788667,1.870061868,1.986940735,4.441396936,0.935030934
316,1.402546401,2.244074241,2.384328882,5.329676323,1.122037121
317,1.626684475,2.602695159,2.765363607,6.181401003,0
318,1.797914419,2.876663071,3.056454513,6.832074793,0
319,1.712299447,2.739679115,2.91090906,6.506737898,0
320,1.712299447,2.739679115,2.91090906,6.506737898,0
321,1.369839558,2.191743292,2.328727248,5.205390319,0
322,1.369839558,2.191743292,2.328727248,5.205390319,0
323,1.284224585,2.054759336,2.183181795,4.880053424,0
324,1.45545453,2.328727248,2.474272701,5.530727214,0
325,1.541069502,2.465711204,2.619818154,5.856064108,0
326,1.626684475,2.602695159,2.765363607,6.181401003,0
327,1.626684475,2.602695159,2.765363607,6.181401003,0
328,1.541069502,2.465711204,2.619818154,5.856064108,0
329,1.45545453,2.328727248,2.474272701,5.530727214,0
330,1.45545453,2.328727248,2.474272701,5.530727214,0
331,1.628173431,2.48102618,2.325962044,6.047501314,0
332,1.71862751,2.618860968,2.455182157,6.383473609,0
333,1.71862751,2.618860968,2.455182157,6.383473609,0
334,1.628173431,2.48102618,2.325962044,6.047501314,0
335,1.907073509,2.600554785,2.253814147,7.108183079,0
336,1.811719834,2.470527046,2.14112344,6.752773925,0
337,1.716366158,2.340499307,2.028432732,6.397364771,0
338,1.621012483,2.210471567,1.915742025,6.041955617,0
339,1.6486536,2.355219428,2.041190171,6.43759977,0
340,1.740245466,2.486064952,2.154589625,6.795244201,0
341,1.6486536,2.355219428,2.041190171,6.43759977,0
342,1.6486536,2.355219428,2.041190171,6.43759977,0
343,1.6486536,2.355219428,2.041190171,6.43759977,0
344,1.787346127,2.55335161,2.212904729,6.979161067,0
345,1.787346127,2.55335161,2.212904729,6.979161067,0
346,1.787346127,2.55335161,2.212904729,6.979161067,0
347,1.787346127,2.55335161,2.212904729,6.979161067,0
348,1.802080115,2.574400165,2.059520132,7.036693784,0.772320049
349,1.621872104,2.316960148,1.853568119,6.333024405,0.695088044
350,1.71197611,2.445680157,1.956544125,6.684859094,0.733704047
351,1.71197611,2.445680157,1.956544125,6.684859094,0.733704047
352,1.621872104,2.316960148,1.853568119,6.333024405,0.695088044
353,1.71197611,2.445680157,1.956544125,6.684859094,0.733704047
354,1.71197611,2.445680157,1.956544125,6.684859094,0.733704047
355,1.71197611,2.445680157,1.956544125,6.684859094,0.733704047
356,1.71197611,2.445680157,1.956544125,6.684859094,0.733704047
357,1.802080115,2.574400165,2.059520132,7.036693784,0.772320049
358,1.802080115,2.574400165,2.059520132,7.036693784,0.772320049
359,1.802080115,2.574400165,2.059520132,7.036693784,0.772320049
360,1.802080115,2.574400165,2.059520132,7.036693784,0.772320049
361,1.831124432,2.229194961,1.273825692,6.687584883,0.955369269
362,1.615698028,1.96693673,1.123963846,5.900810191,0.842972884
363,1.72341123,2.098065846,1.198894769,6.294197537,0.899171077
364,1.615698028,1.96693673,1.123963846,5.900810191,0.842972884
365,1.72341123,2.098065846,1.198894769,6.294197537,0.899171077
366,1.72341123,1.798342153,1.198894769,6.593921229,0.899171077
367,1.852667073,1.77211633,1.288811877,7.249566806,0.966608907
368,1.938837634,1.854540346,1.348756615,7.586755959,1.011567461
369,1.821484008,1.742289051,1.26711931,7.127546118,0.950339482
370,1.942916275,1.858441654,1.35159393,7.602715859,1.013695448
371,1.821484008,1.742289051,1.26711931,7.127546118,0.950339482
372,1.991489182,1.904902696,1.385383779,7.792783756,1.039037834
373,2.064348542,1.974594258,1.436068551,8.0778856,1.077051413
374,2.064348542,1.974594258,1.436068551,8.0778856,1.077051413
375,2.064348542,1.974594258,1.436068551,8.0778856,1.077051413
376,2.064348542,1.974594258,1.436068551,8.0778856,1.077051413
377,2.064348542,1.974594258,1.436068551,8.0778856,1.077051413
378,1.992336384,1.905713063,1.385973137,7.796098893,1.039479852
379,1.875140126,1.793612294,1.304445305,7.337504841,0.978333979
380,1.757943868,1.681511526,1.222917473,6.878910788,0.917188105
381,1.757943868,1.681511526,1.222917473,6.878910788,0.917188105
382,1.64074761,1.569410758,1.141389642,6.420316736,0.856042231
383,1.523551352,1.457309989,1.05986181,5.961722683,0.794896358
384,1.406355094,1.345209221,0.978333979,5.503128631,0.733750484
385,1.701644923,1.55984118,1.134429949,6.381168463,0.850822462
386,1.944737055,1.782675634,1.29649137,7.292763958,0.972368528
387,1.944737055,1.782675634,1.29649137,7.292763958,0.972368528
388,1.944737055,1.782675634,1.29649137,7.292763958,0.972368528
389,2.140277344,1.961920899,1.426851563,8.026040041,1.070138672
390,2.140277344,1.961920899,1.426851563,8.026040041,1.070138672
391,1.826224585,1.674039203,1.217483057,6.848342194,0.913112293
392,1.947972891,1.785641816,1.298648594,7.30489834,0.973986445
393,1.947972891,1.785641816,1.298648594,7.30489834,0.973986445
394,1.947972891,1.785641816,1.298648594,7.30489834,0.973986445
395,2.069721196,1.89724443,1.379814131,7.761454486,1.034860598
396,1.947972891,1.785641816,1.298648594,7.30489834,0.973986445
397,1.826224585,1.674039203,1.217483057,6.848342194,0.913112293
398,1.826224585,1.674039203,1.217483057,6.848342194,0.913112293
399,1.802234771,1.65204854,1.201489847,6.758380392,0.901117386
400,2.069721196,1.89724443,1.379814131,7.761454486,1.034860598
401,2.069721196,1.89724443,1.379814131,7.761454486,1.034860598
402,2.042532741,1.872321679,1.361688494,7.659497777,1.02126637
403,2.042532741,1.872321679,1.361688494,7.659497777,1.02126637
404,2.042532741,1.872321679,1.361688494,7.659497777,1.02126637
405,2.042532741,1.872321679,1.361688494,7.659497777,1.02126637
406,2.042532741,1.872321679,1.361688494,7.659497777,1.02126637
407,2.042532741,1.872321679,1.361688494,7.659497777,1.02126637
408,2.042532741,1.872321679,1.361688494,7.659497777,1.02126637
409,1.922383756,1.76218511,1.281589171,7.208939084,0.961191878
410,1.922383756,1.76218511,1.281589171,7.208939084,0.961191878
411,1.922383756,1.76218511,1.281589171,7.208939084,0.961191878
412,1.704476279,1.562436589,1.13631752,6.391786048,0.85223814
413,1.802234771,1.65204854,1.201489847,6.758380392,0.901117386
414,1.922383756,1.76218511,1.281589171,7.208939084,0.961191878
415,1.947972891,1.785641816,1.298648594,7.30489834,0.973986445
416,2.191469502,2.008847044,1.460979668,8.218010633,1.095734751
417,2.191469502,2.008847044,1.460979668,8.218010633,1.095734751
418,2.191469502,2.008847044,1.460979668,8.218010633,1.095734751
419,2.191469502,2.008847044,1.460979668,8.218010633,1.095734751
420,1.952751082,1.790021825,1.301834054,7.322816556,0.976375541
421,1.952751082,1.790021825,1.301834054,7.322816556,0.976375541
422,1.837883371,1.684726423,1.225255581,6.892062641,0.918941685
423,1.72301566,1.579431022,1.148677107,6.461308726,0.86150783
424,1.837883371,1.684726423,1.225255581,6.892062641,0.918941685
425,1.952751082,1.790021825,1.301834054,7.322816556,0.976375541
426,2.009608292,1.768455297,1.044996312,7.395358514,1.125380643
427,2.067618792,1.895317226,1.378412528,7.753570471,1.033809396
428,2.067618792,1.895317226,1.378412528,7.753570471,1.033809396
429,2.199682268,1.861269611,1.01523797,7.783491103,1.269047462
430,2.199682268,1.861269611,1.01523797,7.783491103,1.269047462
431,2.030721166,1.718302525,0.937255923,7.185628743,1.171569904
432,1.240996268,1.050073766,0.572767508,4.391217565,0.715959386
433,2.143539009,1.813763777,0.989325696,7.584830339,1.236657121
434,2.256356852,1.909225028,1.04139547,7.984031936,1.301744337
435,2.256356852,1.909225028,1.04139547,7.984031936,1.301744337
436,2.256356852,1.909225028,1.04139547,7.984031936,1.301744337
437,2.075848303,1.756487026,0.958083832,7.345309381,1.19760479
438,2.130779848,1.802967564,0.983436853,7.53968254,1.311249137
439,2.01863354,1.708074534,0.931677019,7.142857143,1.242236025
440,1.570048309,1.328502415,0.724637681,5.555555556,0.966183575
441,2.146415574,1.748931209,0.476981239,7.472706074,1.351446843
442,2.146415574,1.748931209,0.476981239,7.472706074,1.351446843
443,2.265660884,1.846094054,0.503480196,7.887856411,1.426527223
444,2.265660884,1.846094054,0.503480196,7.887856411,1.426527223
445,2.146415574,1.748931209,0.476981239,7.472706074,1.351446843
446,2.146415574,1.748931209,0.476981239,7.472706074,1.351446843
447,2.265660884,1.846094054,0.503480196,7.887856411,1.426527223
448,1.430943716,1.165954139,0.317987492,4.981804049,0.900964562
449,1.583292494,1.244015531,0,5.42843141,1.017830889
450,2.111056659,1.658687375,0,7.237908546,1.357107852
451,2.111056659,1.658687375,0,7.237908546,1.357107852
452,1.888842164,1.484090272,0,6.476030278,1.214255677
453,2.085085506,1.638281469,0,7.148864592,1.340412111
454,2.207737595,1.734650967,0,7.569386039,1.419259882
455,2.330389683,1.831020465,0,7.989907485,1.498107653
456,2.453041772,1.664564059,0,8.673254836,1.576955425
457,2.330389683,1.331651248,0,8.489276703,1.498107653
458,2.453041772,1.051303616,0,9.286515279,1.576955425
